#name,median,lower_error,upper_error,label,unit
#Fitted parameters,,,
flare_tpeak_1,1518.8354481061135,9.751508582667157e-05,8.449258893961087e-05,flare_tpeak_1,days
flare_fwhm_1,0.005366967478548673,0.0003134883635378151,0.00029100476402602396,flare_fwhm_1,days
flare_ampl_1,1.9332349033934841,0.0593339601279772,0.0551830057586038,flare_ampl_1,rel. flux
flare_tpeak_2,1518.8437401696797,0.0003985546452440758,0.0003513726192068134,flare_tpeak_2,days
flare_fwhm_2,0.016403820220360424,0.0009655425235015128,0.0009946614682837945,flare_fwhm_2,days
flare_ampl_2,0.8947637455730941,0.04010526614255083,0.047311383833627874,flare_ampl_2,rel. flux
ln_err_flux_TIC_1403938,-3.381997947091318,0.05898443871443382,0.06162059213503479,$\log{\sigma_\mathrm{TIC_1403938}}$,log rel. flux
